customer_id,transaction_id,amount,account_number,date,approved
103,ST0RGN75V0,197.91,5413607323,2/4/2021,TRUE
112,0QAY11728F,1879.19,2949853656,7/17/2021,TRUE
114,Z633T0YWU6,280.58,471967167,9/4/2021,FALSE
119,KHKI4ZAIOR,3528.53,1763125265,2/3/2021,TRUE
121,4W46GINB9L,1529.13,851020104,10/30/2020,TRUE
124,OQ9E5X0YI2,289.06,524762825,10/10/2021,TRUE
125,7L3PY3ZM1R,2806.36,5266264964,4/6/2021,FALSE
128,WTSAI9P22Y,2204.16,105425032,10/14/2021,TRUE
129,OBU7EI3CKR,745.85,4702798897,2/28/2022,FALSE
131,IMCDUOI5V7,1210.59,7796233258,4/23/2021,TRUE
141,9KF179O0LM,1554.89,941747152,11/30/2020,FALSE
144,U3OGHM295N,4617.08,1025899144,3/5/2021,FALSE
145,LJHKCV1TTV,2019.04,3044797894,3/5/2021,FALSE
146,TWMCS0HWKJ,2699.55,9855114157,10/15/2020,TRUE
148,GTE5V56A9I,158.52,8232490417,10/31/2020,FALSE
151,4UMRSG1JC5,2269.4,7349903221,2/9/2021,TRUE
157,ISQ9G5YI82,4656.98,1439459400,5/29/2021,TRUE
161,7YHSEPP04O,2608.84,1518547617,1/30/2022,TRUE
166,S85A0M0PKI,4645.12,2469078482,1/18/2022,TRUE
167,K5RPZ7TT5S,260.02,3706594232,5/24/2021,FALSE
168,M5J6VSB63K,1024.39,416314871,2/4/2022,TRUE
169,PO3KX2GZ81,4976.71,9194546630,12/5/2021,FALSE
171,5TDEHHCL0A,2564.4,4229623359,4/21/2022,FALSE
172,3NAFSNOTDZ,2400.95,6855634624,10/14/2020,FALSE
173,MPNS9LV0KS,2866.64,5766806775,12/8/2021,TRUE
175,JS31ER5BKA,2832.99,6441553785,9/25/2021,FALSE
177,3E0MA6XTAP,1070.19,394626900,4/13/2021,TRUE
181,BA0PCP7UUY,1498.9,4768189458,6/17/2021,TRUE
186,YOCG0ZA4US,470.23,8787213020,2/24/2022,TRUE
187,B4Z4L7O4GA,2624.72,2770627824,11/23/2021,TRUE
189,5DOP4EJA8D,125.04,5437633207,8/8/2021,TRUE
198,3I7BKXUL00,2253.68,3479677102,2/2/2021,FALSE
201,U9XKRATQX2,494.75,7513070437,8/3/2021,FALSE
202,1VXY1Y4IGS,2718.29,6818851215,4/10/2021,FALSE
204,AM1MJI9ERW,4422.17,863948452,8/5/2021,FALSE
205,PKKHOJQO2C,1620.65,3087225654,12/17/2021,TRUE
206,XOHF6DW8PA,819.94,5222162318,2/10/2021,TRUE
209,LMC47ZU8GP,1431.73,5941836655,5/30/2021,FALSE
211,SZVCSPXR8C,3446.6,9587205670,6/22/2021,TRUE
216,PESA1A7Z4G,2498.07,2819910050,12/19/2021,TRUE
219,OCUE9XV2MY,415.5,8758875355,10/18/2020,FALSE
223,X9GXO8BKY5,1032.11,7524633507,4/6/2022,FALSE
227,P31JZ0UCGI,3509.88,5021409154,12/28/2021,FALSE
233,BAVSYBOAXR,4069.65,7021880922,10/8/2021,FALSE
237,B2MTSJ0AV5,4966.02,7580677758,6/12/2021,FALSE
239,8MX8YODS5U,4026.94,199009435,4/28/2021,TRUE
240,L23ROOLNZV,2548.17,7462539699,11/7/2020,TRUE
242,37UZKKJ2FO,2064.93,5092376672,9/13/2020,FALSE
247,7BLJIDEVBE,1941.78,5499034394,9/19/2021,FALSE
249,F2QTPFCDEU,2856.21,2123540730,10/21/2021,FALSE
250,6HV4A0E2UL,366.52,5149825149,11/17/2020,FALSE
256,SXEPN7RCIC,2597.01,4764950425,5/31/2021,TRUE
259,IE77G7ZJZW,4910.09,7022070140,12/31/2021,TRUE
260,NJ7UZ2CIFI,688.19,2282970368,3/17/2021,TRUE
273,V9JZ3PEIOA,3352.14,7568138608,11/23/2020,TRUE
276,5K38ZSA0JR,4176.26,2587554952,12/10/2021,TRUE
278,FRVSQX0X65,1579.76,6003457835,8/27/2021,TRUE
282,6HPG4DRJCU,569.42,3363929241,2/12/2022,TRUE
286,WX9KFN0G0E,2111.48,5121044638,4/12/2021,FALSE
293,QPM75J69OZ,3117.52,1153657258,9/23/2021,TRUE
298,36W3VBVB8J,3360.02,6403996503,7/1/2021,FALSE
299,YI94RROWMZ,3067,5679378145,9/20/2020,TRUE
303,U8EZTCAH01,4027.25,3942468248,1/6/2022,TRUE
307,LUPEYSJA7M,1526.79,4218627136,12/24/2021,TRUE
311,MK336QEODE,387.91,3474112205,3/26/2021,TRUE
314,BNBRMCBTMP,3272.64,4826978596,7/25/2021,TRUE
319,4IYYJQ6ZZR,1069.99,209094430,8/25/2021,FALSE
320,4XD6CZW59M,4692.37,9049273077,1/24/2022,TRUE
321,GT9ZKNUJPN,252.27,1368210769,9/13/2021,TRUE
323,1X1DDYZFH0,3825.09,9038448494,9/27/2020,FALSE
324,4GSNON0OQ3,668.18,7874406639,1/15/2021,FALSE
328,YJDZ2LZ9QH,3119.95,8028449002,3/25/2022,FALSE
333,GLP3G70K36,4903.35,6400095263,9/12/2021,FALSE
334,C76WI02RC7,874.73,707415039,2/18/2021,TRUE
335,SZBR30R9AL,2005.11,1091071309,8/15/2021,TRUE
339,GD6B7IE4X2,3292.2,7346100368,12/29/2020,FALSE
344,X4XDLWI44C,4065.84,2909857010,9/9/2021,FALSE
347,HOCFJ7O3Y4,833.59,8451898131,9/6/2020,TRUE
348,XNTQV47APW,185.63,4985350205,1/27/2021,TRUE
350,HYHP63ZH7X,4414.21,1475873433,3/10/2021,TRUE
353,IRB9G8R6KI,2013.23,3582061766,8/16/2021,TRUE
356,YZ9DWUVH8Q,4811.74,6437936362,3/23/2022,TRUE
357,ZBHSLM0OLU,2763.07,9537639970,5/25/2021,FALSE
361,GZFXUMQ59U,3682.25,6259084297,10/1/2020,TRUE
362,SS656UR5E6,1592.87,4293914741,4/6/2022,FALSE
363,KWNHAH95DY,65.76,2136252350,6/6/2021,TRUE
369,THYR0SZA3Q,2500.45,446843765,9/16/2021,TRUE
376,COL1RVJ4GM,2152.78,1637566981,6/11/2021,FALSE
379,4PXR14L0D3,2148.59,1787928406,12/7/2021,TRUE
381,3LWCONK94K,1647.52,9680189320,4/11/2022,TRUE
382,KN32ZICFCQ,3361.53,766711918,4/14/2021,TRUE
385,VWBHZZISJ7,2664.23,9794147048,10/22/2020,TRUE
386,9SOP9MFWY2,1191.09,226302089,2/27/2021,TRUE
398,CTKJOIMDG4,876.98,9553238793,10/31/2021,TRUE
406,NVJF81RULL,3533.82,473621196,10/4/2021,FALSE
409,UPMG1T6G6E,1000.12,9352924327,2/16/2021,FALSE
412,BER6UVQNGD,1286.25,3185644731,7/2/2021,FALSE
415,XF72YH5TSC,3656.13,7794421650,11/28/2020,TRUE
424,4RHYCMOZ8Z,2604.48,8999554335,12/27/2020,TRUE
443,5KFPF16Q3L,1063.59,3058467077,12/29/2020,FALSE
447,J5Z4XIP339,1725.63,7289118935,8/25/2021,TRUE
448,PO7EW8VW2B,2483.88,6282359164,11/2/2020,TRUE
450,FWDSRXJD3I,4162.98,5938425599,3/24/2021,TRUE
452,Z0P7HVT6AG,3400.58,9211460764,12/5/2021,FALSE
455,TS0IHJGCV0,4193.06,1819220184,7/9/2021,TRUE
456,KYCA5SL2WG,3480.82,3424016960,9/13/2021,TRUE
458,3ZXTFB1YTW,2490.41,8380776246,3/15/2022,TRUE
459,6NYB8IBHZI,3733.95,6093522086,8/9/2021,TRUE
462,H478ZP8DAD,4589.46,2582782104,3/31/2022,FALSE
465,PH6HXAGC74,3173.6,7467475145,3/17/2022,TRUE
471,2UTPYR07KV,1004.73,5028083321,2/25/2022,FALSE
473,3MUZME7CNU,3826.14,2707245408,7/8/2021,FALSE
475,BP0JZJDQYK,4707.9,9646654680,2/26/2021,TRUE
477,J99MD4DH97,1428.3,6631001112,2/1/2021,FALSE
480,37K5ZVVYE7,1439.31,6672079645,10/30/2020,TRUE
481,ZDAWTKUTV2,1456.98,6365089749,9/4/2020,FALSE
484,PB2TGIAR8P,3244.76,8027334625,12/30/2021,FALSE
486,WP8ZZ9MJHS,85.48,6551485707,3/3/2022,FALSE
487,9KJTZBULRB,2695.23,6811834819,3/23/2021,TRUE
489,TDI19M8P9B,2279.07,4963073531,7/11/2021,TRUE
495,5LLFQX840C,1353.3,5728755497,9/13/2021,FALSE
496,JI7CLY4UWP,2273.17,606652519,9/29/2020,TRUE
103,5X0S80PA7M,195.45,7747900512,2/20/2022,TRUE
112,5SY7E35MIZ,3342.23,6858585174,10/1/2020,FALSE
114,YE2FWYJ0AW,3504.66,7860777081,9/17/2020,TRUE
119,9Y7PKBM0U5,39.92,6437681074,2/25/2021,TRUE
121,SCHS1OENIO,2005.13,9312964334,9/24/2020,TRUE
124,HWN1EDZQ8A,4669.23,5504912721,5/17/2021,TRUE
125,4KLR1I6HFC,4766.81,5382907296,11/14/2021,FALSE
128,JT6G2ISICJ,1650.93,5092022708,11/18/2020,TRUE
129,9O7TJQPG0D,4630.26,412181058,4/23/2021,TRUE
131,DUGYWP0E7J,2061.16,5339473581,1/24/2022,TRUE
141,HELY431TI7,4413.69,4517277144,1/26/2022,FALSE
144,C5G128616W,1547.28,5197496956,11/23/2021,TRUE
145,JMP3997TH8,3163.4,1492233467,2/26/2022,FALSE
146,QXH6K4DTIU,309.98,2392937032,11/21/2021,TRUE
148,P7CWPBC3J1,1927.9,1991490365,9/10/2021,TRUE
151,NAXBGP3LQN,4035.77,7654446930,9/19/2021,FALSE
157,2J67G7E14B,2091.01,2476068741,2/23/2022,FALSE
161,ZRAKFV37AK,3369.24,9779565180,1/19/2022,FALSE
166,Z51I5I2SHA,2797.02,3207429393,7/15/2021,FALSE
167,97JDPPT5RI,2072.62,9755417976,2/20/2021,FALSE
168,MQPAA0PNFB,4751.54,2848931485,9/17/2021,FALSE
169,NEG3Z7IT6G,4442.86,7071321494,5/14/2021,FALSE
171,G60JZZMCX5,1867.8,7380629710,12/2/2021,FALSE
172,U8K87G1HG8,1797.55,2508233656,9/4/2021,TRUE
173,9KO6OZK9FZ,3156.34,7575571851,12/27/2021,TRUE
175,62LSXWVDY7,690.83,8475496765,1/28/2022,FALSE
177,SEF70ZT1UW,1835.5,8186795804,6/17/2021,FALSE
181,BBLC4I2X32,4753.84,9155024584,3/2/2022,TRUE
186,GQYZ3UL9F8,4913.79,9270997737,7/4/2021,FALSE
187,DJXZJHHAEX,3721.23,5085243606,5/6/2021,FALSE
189,AF4TQLJMV4,1957.46,4740616670,9/28/2020,TRUE
198,MKZ6DZV99L,2123.4,9840766798,3/29/2022,TRUE
201,OWT5XV13LQ,3646.97,4296201581,1/20/2021,TRUE
202,YN4LS43EB3,3971.07,7893189157,10/2/2020,FALSE
204,ZAJQC8GLWK,4960.48,8979085918,10/10/2021,TRUE
205,DIDFKXUO3K,3245.85,2650228728,5/12/2021,FALSE
206,18RDC5XFPR,2778.58,6813405642,11/12/2021,FALSE
209,K4A46UPH87,1508.07,1875294217,12/19/2021,FALSE
211,8TCBPLXGRS,845.1,4629038065,12/5/2021,TRUE
216,280MQCLCXM,1612.34,1872098322,4/16/2021,TRUE
219,D9CXGV6JCP,3341.71,2878035066,4/17/2022,FALSE
223,1XJ96OXDLF,4441.19,8470358974,6/28/2021,TRUE
227,KWFS4GQAOB,655.22,6827379537,8/13/2021,FALSE
233,KYQNU56NMG,3573.77,6189742501,2/17/2022,TRUE
237,NBG00XKYAV,3191.79,4255596644,11/15/2021,TRUE
239,7XDVZP1IP3,1818.96,8715117618,6/27/2021,FALSE
240,HJ6095HYPS,80.5,2245059480,11/24/2020,FALSE
242,9OR1LK137X,4951.16,7100750276,7/4/2021,FALSE
247,R1UQD9372L,372.25,1508166725,1/2/2022,FALSE
249,GCYIS4WCBO,2879.71,2741703234,11/28/2021,TRUE
250,PX2Z6SRV4Q,4742.51,6658594423,9/27/2020,TRUE
256,XGBUJ4QVEC,4568.86,7483532781,3/5/2021,TRUE
259,U2LHEYP83W,1351.98,6150861509,4/10/2022,FALSE
260,7O4EX1WHRO,3630.56,6284536323,1/20/2021,FALSE
273,YZ8CPHNPXW,361.67,2213933659,2/25/2022,FALSE
276,MJLSI451GU,1459.4,3375373739,5/18/2021,TRUE
278,GXOXKNHPJV,1061.59,2219762389,6/21/2021,FALSE
282,BYGXGYSQ4W,4464.89,9549372158,9/4/2021,TRUE
286,CICA5VXIOT,1035.18,7295744349,4/26/2021,TRUE
293,LNR527GGFR,3071.97,2169367186,12/27/2020,TRUE
298,BL3M5TTRP7,439.92,5609664002,3/23/2022,FALSE
299,4BN9D4ZUGL,4071.83,752431210,3/1/2022,FALSE
303,LHC04I6WL2,1312.76,819469484,12/27/2020,FALSE
307,7K1MZNRVW6,1019.13,9602523749,7/20/2021,TRUE
311,9GWU5BUI9V,1192.21,3255356241,11/24/2021,FALSE
314,GIXMDDXYWG,2642.84,6780863313,11/2/2020,FALSE
319,I4TRVJ2OOL,3904.36,7818339330,8/28/2021,FALSE
320,DA3D4LOPAV,2564.32,5480823726,7/27/2021,FALSE
321,3BZC13WGF7,4914.41,7260978853,10/23/2021,TRUE
323,G6WAGXKAH3,2906.85,2868506992,2/28/2022,FALSE
324,IUL49PJ9BT,4912.11,7470974121,11/9/2020,FALSE
328,SNIXBVQB5T,1141.25,6617796745,2/14/2022,TRUE
333,7I9PXJTH7W,1282.1,1374303034,2/14/2021,FALSE
334,NW9YRNP7DU,683.03,3286351825,9/30/2020,TRUE
335,3G2BOIFYSS,508.57,1986259232,2/10/2021,TRUE
339,JZXN4P4GG5,979.04,7107384598,11/22/2021,TRUE
344,NGKRSUAWJE,2964.95,4856705964,5/5/2021,TRUE
347,4NQ58Z2BJT,4383.37,2474598324,11/23/2020,FALSE
348,VD8B37RASS,4705.65,172583983,3/25/2022,TRUE
350,D47KM3EDYD,1616.26,2410557260,11/4/2021,FALSE
353,B2WIOJX6LQ,2176.69,1937920807,2/17/2021,FALSE
356,P3YIF0M4I3,3227.61,3433249041,11/21/2021,FALSE
357,F31ZW837P6,4562.37,7991214581,8/26/2021,TRUE
361,DVF6W5YXCX,294.96,2109074641,10/25/2020,TRUE
362,VTJDS3ERXZ,3487.06,942054048,10/9/2021,TRUE
363,OCSG9HPNDH,154.9,2384500371,3/11/2022,TRUE
369,PZJFEGKMA3,3215.23,1386656805,12/11/2020,FALSE
376,UXJ0W7I5CC,345.75,6379363715,3/12/2022,TRUE
379,RAYN1SJUIC,257.98,7009715055,6/3/2021,FALSE
381,X053H0FKGH,937.43,8417486799,12/17/2021,FALSE
382,KAT636W0PC,565.09,5489305985,10/21/2020,FALSE
385,E890DY6KJ3,4721.47,1426489,7/6/2021,TRUE
386,R4LNZL8M54,3265.75,870023909,8/28/2021,TRUE
398,UU8UGOIO3P,1440.69,1495111705,10/4/2021,TRUE
406,HQKVVDQIZK,3530.94,2483118335,1/27/2022,FALSE
409,3Q276P8Y0E,247.4,3352358228,3/20/2022,TRUE
412,CAK0ZW91AK,3159.8,3504837391,10/7/2021,TRUE
415,B1RY8VLPMJ,610.23,3007959508,10/30/2021,TRUE
424,MUIJRPHFNA,164.38,3949158982,3/9/2022,TRUE
443,VYDCHAD3PI,1757.39,7109980732,12/31/2021,TRUE
447,ZTYSFNYYHN,4269.95,1468828503,1/24/2021,FALSE
448,3WWOZ2XDRX,3414.13,1937548117,4/29/2021,FALSE
450,8VYG81DVLG,3853.19,1404702919,9/4/2020,FALSE
452,ZZM5KVOKFM,3120.65,1187139865,7/17/2021,FALSE
455,Y6BSPKTL3R,3087.45,7517108979,8/19/2021,FALSE
456,H4NC0CRCUL,4254.06,4290858945,11/3/2021,FALSE
458,4KS7GT9ZAC,2978.63,1412843663,1/25/2021,TRUE
459,LPDLU99C6V,2131.8,7639302595,4/12/2021,TRUE
462,DHL0SH48EU,1743.93,8918822637,9/25/2021,FALSE
465,1IFFRCGBX5,3867.27,6305354861,9/27/2020,TRUE
471,G7RPHG2XLC,560.23,9737152984,2/26/2022,TRUE
473,PE1QOACQPJ,2404.29,560413484,3/15/2022,FALSE
475,IZ64YQAJ3M,3888.78,3405683987,1/19/2021,FALSE
477,7GS8F6G2O8,2262.85,2857728286,6/23/2021,TRUE
480,XEZUGBIP1X,4126.81,6747771094,10/9/2021,TRUE
481,U9BIX1BK6M,2801.6,8656483991,10/10/2020,FALSE
484,U41IOGBPQD,637.48,3885104748,8/1/2021,TRUE
486,NZCOUBCXK5,951.66,6133705153,11/27/2020,TRUE
487,ZLNNAJZLXS,4812.54,395008169,10/20/2021,TRUE
489,JAUP3FZMDC,3214.49,3892189781,1/12/2022,FALSE
495,REEMPEM5FJ,4888.91,605195123,9/21/2021,FALSE
496,NQODO9HH1W,4422.51,9332549483,9/29/2020,TRUE
103,T7GWU6JHJH,3589.24,9398251891,12/16/2021,FALSE
112,937SRZPQQ2,924.94,6996399043,4/7/2022,FALSE
114,19S1ILUKZY,1217.7,8784489393,8/27/2021,FALSE
119,DI0GF19FJ2,1151.81,6578814862,4/11/2022,TRUE
121,MVAQL3E7GT,2151.74,7768310607,5/10/2021,TRUE
124,87UDHBGDE9,1722.27,8876466538,11/26/2020,TRUE
125,XRNG0GJPA0,4618.84,1157889818,9/16/2021,FALSE
128,I3SOV99ZNV,4448.26,1913393834,9/20/2020,TRUE
129,YBIK58Q5VD,1604.79,6703575643,10/15/2020,TRUE
131,P32WTN3OT1,2036.54,6374932317,11/7/2021,FALSE
141,0K056K3D47,401.6,9066385144,7/1/2021,TRUE
144,YYNXJT7PTE,4083.95,8395824097,2/17/2022,FALSE
145,C6BQ5TDYBC,3188.4,8269916177,5/8/2021,TRUE
146,EMNHQK31Q3,1539.5,1368654488,9/8/2020,TRUE
148,ZVNSOFLA5O,470.04,1866103338,2/19/2022,TRUE
151,XLDTYI754P,3518.95,2362935867,3/11/2022,TRUE
157,PJGV5WNP9A,1740.87,4339092930,12/6/2021,TRUE
161,PGCGSSO39S,4741.04,3004129478,2/13/2022,TRUE
166,MH4U4DPX77,2879.06,9242341704,12/25/2021,FALSE
167,2A7QK2BYVI,2755.33,352316064,12/27/2021,FALSE
168,X0M9WQYE3W,1108.2,1605716280,8/20/2021,FALSE
169,35U5F4FQA1,2244.23,4716597110,1/8/2022,TRUE
171,AR32N2H4F7,4093.42,4106376684,3/21/2021,FALSE
172,U4ZUHRJEW9,2051.52,6944992018,5/23/2021,FALSE
173,S0SGGEUF61,1817.74,8883451396,4/11/2021,TRUE
175,S6YL9T8KAK,4845.7,1568662592,11/4/2021,FALSE
177,P5SLOBYMTT,2976,3433687802,12/16/2021,FALSE
181,MPNEL19JU7,3655.18,9538036434,12/31/2020,FALSE
186,UFB0E8YLVJ,4917.83,1026817572,10/25/2021,TRUE
187,8TMFBD3G9S,3708.14,8698591101,9/8/2021,TRUE
189,IN1FOZPZQM,2692.6,9512019082,9/26/2021,TRUE
198,1WHJA3TGZG,3866.51,6188316827,2/12/2022,TRUE
201,KYPUJ2O9GT,1713.67,2448479960,10/3/2020,TRUE
202,S6LFYA8EKO,3210.04,6610498998,3/17/2022,TRUE
204,V1KDC7W4N5,1664.62,8225463773,1/17/2021,TRUE
205,4VY8DBZ6I0,4157.82,5811055278,1/6/2021,TRUE
206,UDOZQ6VFQ8,2542.75,2050929716,7/19/2021,FALSE
209,STY3LUDY67,4445.67,7748000754,4/5/2021,TRUE
211,FW4IFPXZ2B,4307.6,6757612980,1/15/2022,TRUE
216,C9NW2NOB9U,2285.35,6449651716,1/29/2021,TRUE
219,W2UEYRBHLW,2971.43,3800595501,6/27/2021,TRUE
223,1YK31SSHUN,1639.42,8857589210,9/30/2021,FALSE
227,FBT7D9OZIA,4313.59,9954141714,2/9/2021,TRUE
233,EE2ZOOYV82,4906.4,5511242491,5/17/2021,FALSE
237,2X3SDHNMV7,4321.93,1828137548,11/26/2020,TRUE
239,8YP9CV0ST5,2127.02,4841632328,9/23/2020,TRUE
240,NLFUPAV05F,1369.32,3770711521,7/5/2021,FALSE
242,FNRRNAI2SB,3194.6,6941402473,3/26/2021,FALSE
247,78TBRZBI8N,4204.57,8547799426,3/24/2022,TRUE
249,N3RM93F7D2,2901.62,1042047273,1/19/2022,FALSE
250,5H4GU3E2LH,1881.01,6817779489,8/31/2021,FALSE
256,I16DUXTQ9N,1115.64,1852616076,1/27/2021,TRUE
259,OX0GI9Y9RU,4338.21,9783388806,4/2/2021,FALSE
260,TN9CLOP88W,4540.81,3746783668,9/3/2021,TRUE
273,NOGEZYE9M4,550.09,9147492101,4/21/2021,FALSE
276,G1DLNIKRZG,1500.48,7592072243,3/14/2021,TRUE
278,67PNH9JITE,4627.59,7343447874,8/2/2021,TRUE
282,BQTDLGO73V,3498.68,9816993970,5/26/2021,FALSE
286,25A42QQ660,737.34,9458749414,4/11/2022,TRUE
293,17C3DY2LXN,3048.13,3328066905,11/10/2021,FALSE
298,PTCBHPP8AN,2875.27,4846598712,8/23/2021,FALSE
299,TP0AM9BLMC,4228.51,1817312906,6/11/2021,TRUE
303,54J5SI4FQK,3505.17,4906887432,12/31/2020,FALSE
307,SQ9YRF4IFG,2725.83,1642980670,12/31/2020,FALSE
311,6LS4ASS32U,1743.73,5100212125,7/31/2021,TRUE
314,BX9A0L865W,2696.72,6993322565,3/19/2021,FALSE
319,14I9H1OYDX,50.55,4068485722,11/20/2020,FALSE
320,8VOSI7S095,4797.58,6305744549,12/26/2021,TRUE
321,40TX4ZEF76,4611.11,7180168412,11/9/2021,TRUE
323,4TFFHC2RZ4,3941.03,8243524874,4/13/2021,FALSE
324,VTVN57WSMA,69.34,489021756,4/20/2022,TRUE
328,4I3YRZAKA1,1904.5,6466716878,3/2/2022,FALSE
333,Q1OXZKJYI9,3786.86,8833546207,12/11/2021,FALSE
334,E2LM4HXM3C,81.95,8909932965,1/3/2022,TRUE
335,1UY6Y6SLDA,4603.3,5192081788,10/10/2020,TRUE
339,TYAPMWB3WW,2274.32,404908284,7/1/2021,FALSE
344,AEXE7ZA9LC,2492.98,7205913579,10/27/2020,TRUE
347,YHLHX34M0K,3060.62,6437257621,11/24/2020,TRUE
348,3I04DZRQUG,1.28,5267138659,7/26/2021,FALSE
350,EARFHLO1V3,955.72,4661350970,1/25/2021,TRUE
353,R2763V6NUZ,308.19,4642822899,2/2/2021,FALSE
356,OYTVDTI6TM,4362.78,8718016647,6/7/2021,FALSE
357,IH5KMVG1R4,4566.17,1035071434,11/24/2021,TRUE
361,FNZ33AX0KG,1769.77,6877179529,3/12/2022,FALSE
362,6AA3ZX74D8,3425.06,1665883236,12/12/2020,TRUE
363,1L4Z15S3DM,3972.3,7498001046,2/28/2021,FALSE
369,LBBZCNUFX0,988.31,1098400227,12/20/2021,TRUE
376,NSMOS2YT71,1547.38,5138332814,1/24/2022,TRUE
379,3AVN6Y5FVX,946.03,7039464767,9/1/2020,TRUE
381,2HGW59RPPJ,717.8,8955035605,9/30/2020,TRUE
382,TU8CQQ1CYP,1099.63,8581994555,2/9/2022,TRUE
385,D9DARL7ERI,4396.42,2999841331,6/25/2021,TRUE
386,Y2YFTOIR7X,2972.43,5484800122,12/4/2020,FALSE
398,TYWZQSJPMV,2815.11,5091526555,5/4/2021,TRUE
406,TCYVXUSY2M,765.74,5379467522,2/1/2021,FALSE
409,RCL7X0ZO2V,3316.83,3816388900,9/27/2020,TRUE
412,187L13FMAA,4532.87,2978691147,4/7/2021,TRUE
415,5NG84N26K5,2145.41,975946952,12/29/2020,TRUE
424,BBY7TF99Z2,47.45,2203626797,12/14/2021,TRUE
443,I532A46490,60.61,6454261931,1/10/2022,TRUE
447,0WWG2L5B58,2567.77,5332500930,12/28/2021,FALSE
448,X21HV5PYI0,4674.14,5722744071,5/10/2021,FALSE
450,MJ74VZFG8R,229.88,8387467546,1/14/2021,FALSE
452,5LQIHDO5CS,4473.53,8751737777,9/8/2021,FALSE
455,E5Q80Y55GO,1052.78,37116222,12/1/2021,TRUE
456,SNIUOQ3YJX,2176.94,4260355194,4/8/2022,FALSE
458,OO7WGVFM87,3925.75,3719826223,3/31/2021,FALSE
459,WF8IIPSTOM,2397.05,3617147965,10/2/2021,TRUE
462,5M62I6NAQL,1843.84,1365810206,12/29/2021,TRUE
465,9IABWCCCPH,1672.63,4023156028,11/8/2020,TRUE
471,I463EWNW2Q,1436.2,5221122025,5/6/2021,FALSE
473,KEF01PMTXX,1131.25,5282934228,12/22/2021,TRUE
475,IA3P0WR1OU,4008.33,2090761913,11/25/2021,TRUE
477,6USK3A6D25,328.66,2533733675,10/10/2020,FALSE
480,7AA2LEW5OM,4210.69,5389484791,8/16/2021,TRUE
481,SL6PWZ42PE,3597.39,8026999798,4/25/2021,TRUE
484,70X9W2034G,4992.59,7401362335,1/8/2022,FALSE
486,UIBOF31X54,1072.42,5801896325,3/13/2022,FALSE
487,1888O8BPO1,3231.19,7241460681,10/3/2020,TRUE
489,4QNL6DSTCL,4518.21,2642787790,12/25/2020,TRUE
495,XQCXGBUUFQ,276.29,1377972359,11/2/2021,FALSE
496,SP017CT146,3724.81,6552680615,1/13/2022,TRUE
103,TNKJ3CMSIE,237.32,1995609859,9/6/2020,TRUE
112,4HLHDL4JBG,2411.56,9112575688,3/23/2021,TRUE
114,5TPI02ITEO,4692.91,2754847157,12/21/2021,FALSE
119,K3Q8X0IP7Z,3825.38,6444587720,9/23/2020,FALSE
121,U4QVL6AHGI,2063.3,4718334866,5/6/2021,TRUE
124,45BJ7PGZVD,1806.88,2863319136,7/21/2021,TRUE
125,40BSECMPVO,4256.02,2951959894,7/22/2021,FALSE
128,JCYU3P6H40,3810.11,2820926786,5/10/2021,TRUE
129,GMMCHME42L,2685.82,7870603939,10/3/2020,FALSE
131,BM7TI99K3C,1982.65,7014913648,10/6/2020,FALSE
141,V99YVERZ72,4320.34,1925844056,4/25/2021,TRUE
144,BBQY3RA7YP,1876.35,4359413405,11/7/2020,FALSE
145,54B2QB85TV,2232.47,8992096567,12/3/2020,TRUE
146,0KWKT8GF4V,1049.31,844038278,6/5/2021,TRUE
148,0AASYAH0VA,3296.93,4700294989,12/9/2020,FALSE
151,7HWR9CH09I,570.22,3162883215,3/30/2021,TRUE
157,GS78VL04DF,2919.96,860216587,7/28/2021,TRUE
161,ACIV8C9JMC,1630.9,5931372038,9/1/2020,FALSE
166,NA6U9OBCIB,4040.97,5785785695,3/6/2021,TRUE
167,NFFQB215KL,2916.85,4537634249,7/25/2021,FALSE
168,5RYX8GHBN5,3707.6,584960966,1/2/2021,TRUE
169,5H5532IR68,4322.62,9117261006,1/16/2022,TRUE
171,X99NK69EBB,452.2,9180879204,4/4/2022,FALSE
172,AH3ST8T4OP,2627.22,1833629666,1/14/2022,FALSE
173,0OZMPHGPT4,753.72,4816837788,12/10/2021,TRUE
175,CZZPJNOTAJ,2654.58,3346439142,9/11/2021,TRUE
177,YBD9NJ81HT,4165.62,4862674283,7/28/2021,FALSE
181,H2AYJSEE97,3652.28,7642368211,8/1/2021,TRUE
186,05MXT3CWFR,2860.74,6328380529,11/13/2020,TRUE
187,DENS2RBA0C,2189.88,5319033733,4/12/2021,TRUE
189,8CNQQU73DD,545.42,3871698227,10/9/2021,TRUE
198,6GHFM7HSAV,50.6,8486279292,11/17/2020,FALSE
201,6DZBI8FKWY,3816,6529375296,11/29/2021,FALSE
202,R72HFLTOTR,4991.09,2405603739,12/20/2021,FALSE
204,QAFCW60V93,2679.52,7317816388,5/29/2021,FALSE
205,3H6Y8XS31M,3193.99,4663747806,8/23/2021,FALSE
206,ZEQEXJX4DT,318.03,2100473964,10/10/2021,TRUE
209,KFE6EUZYY8,2567.92,8325497560,2/16/2021,FALSE
211,MOSAV3JLZT,2492.21,9641830050,1/22/2021,FALSE
216,CKPC5VZ5D7,3588.62,8906972741,11/20/2020,TRUE
219,BZHL4NGRXU,1251.01,2668768261,3/31/2022,TRUE
223,B5OAG0D37Q,4723.29,1279903403,6/27/2021,FALSE
227,08YBIO3ZCV,4907.04,2920797244,12/18/2020,TRUE
233,H35H81SLJ0,3964.21,4268604368,3/12/2021,TRUE
237,USER78O47N,3920.48,9549328207,1/17/2022,TRUE
239,G0Y9MAFG5K,1797.7,7782031760,12/4/2021,TRUE
240,OUNTZJO22P,78.91,619081738,12/14/2021,TRUE
242,5CNCM8M6BN,1798.52,5957104504,2/12/2022,TRUE
247,LTRZZ14KFU,1315.88,3011805270,2/19/2022,TRUE
249,Y1OWI1PVHO,848.99,3967358549,6/2/2021,FALSE
250,4KPHM4MRZJ,4216.44,3818842811,1/28/2021,FALSE
256,3KF866ZIU9,1955.35,524303195,9/16/2020,TRUE
259,BO1B2ZRHEJ,168.81,1647203182,3/13/2022,FALSE
260,PO09FI5NGQ,2592.87,3845697321,3/28/2022,TRUE
273,OC16POKAD7,4843.11,2672987627,3/3/2021,FALSE
276,Y11WURZX37,114.6,2990895386,12/15/2021,TRUE
278,TYY8S1XYZ8,4595.54,3861412622,4/3/2022,TRUE
282,48JHTAI20P,3192.81,6426853843,6/8/2021,TRUE
286,5HAT21Q2S5,114.6,8790381912,4/2/2022,FALSE
293,ADGMR25D3D,1345.82,2307314000,11/30/2020,FALSE
298,5MUGE9Q9LD,4421.64,5734807447,11/21/2021,TRUE
299,T0RPRVD4B7,3993.36,7925306203,11/7/2021,TRUE
303,7LHB015866,1070.27,6476287797,3/4/2022,FALSE
307,FO8D8FSDO6,2086.63,6365907066,9/22/2020,TRUE
311,X0EY6GM39B,2538.63,9643207592,12/20/2021,TRUE
314,EW6YFPOVL3,3798.59,594504766,12/17/2021,FALSE
319,WSEQFR6MRI,618.94,8173261748,9/20/2021,FALSE
320,ZSTVN8NN19,3008.21,6681582356,2/15/2021,TRUE
321,9KCCD0VU9E,1480.73,3890031689,2/15/2022,TRUE
323,MREGX0J1EQ,1334.48,3632975084,12/27/2021,FALSE
324,4S6TEIOVVD,11.77,8784279655,10/5/2020,FALSE
328,1M14W5XOZK,648.28,7004953196,4/26/2021,TRUE
333,V035P6ZD0W,2139.28,1460388127,9/24/2020,TRUE
334,0BIWN44O3Z,4070.73,910232937,2/28/2022,TRUE
335,FE1FN728FP,3399.03,5060641517,11/11/2020,TRUE
339,LDA2AUKQ7D,3386.54,214049033,11/30/2020,FALSE
344,I48MM0GGFQ,669.85,4138403827,12/6/2020,FALSE
347,AQ5L6HIZR3,4123.87,5526688484,4/7/2021,TRUE
348,DO56Y4090U,4940.32,7368567328,10/20/2021,FALSE
350,6KIOB0BUO5,29.15,6703729070,11/29/2021,TRUE
353,JF9DPXJ9O3,3178.28,2550637900,4/11/2021,FALSE
356,8A0JKHC2LN,3413.05,1233353106,12/11/2020,FALSE
357,S1VXQ2ZOEZ,3389.42,6354082983,1/18/2021,FALSE
361,VVVFH9VRTE,2124.31,4396269638,6/28/2021,FALSE
362,5TKFX4MP9D,2859.56,9184068472,8/29/2021,TRUE
363,Z5DIWLOCVQ,4844.48,3504262909,1/31/2021,FALSE
369,4QSRNCO87J,2853.81,717912648,6/2/2021,TRUE
376,KF9KQOONQU,1986.01,757393853,3/31/2021,FALSE
379,EMTY0MP0KP,3379.99,7131917771,2/28/2022,FALSE
381,LQWD76Y90T,245.96,8599429392,9/1/2021,FALSE
382,4S9O5QG0H9,4226.82,223818896,3/6/2022,FALSE
385,OEL44J0FZE,1048.44,871120332,1/20/2022,FALSE
386,DUTQ1JPG4W,2862.85,6662130493,4/27/2021,FALSE
398,60FMRQOZHO,274.46,3586749442,6/29/2021,TRUE
406,KL6K8DIFD3,2673.7,2540976433,11/22/2021,TRUE
409,LK9AJMHGP7,2168.11,6662729785,6/30/2021,FALSE
412,A0YCLC2F3A,1970.49,7392243004,4/20/2021,TRUE
415,85Z4NNSD7E,4041.96,9926466586,10/31/2020,TRUE
424,GDEZCPO43V,1619.78,5609718668,10/1/2021,TRUE
443,S9UU1Y2G26,4109.97,8403253088,4/11/2022,TRUE
447,S5KO289MQJ,1046.79,8353936618,12/28/2020,FALSE
448,LOIQSZY6WA,2110.71,4607756933,2/20/2021,TRUE
450,712H01E4LL,2650.55,5740556618,11/28/2020,TRUE
452,VVAYCHGX9V,3393.92,1675052236,3/8/2022,FALSE
455,S3VG9EQL60,138.27,367888370,9/5/2021,TRUE
456,2DP2N7QEON,944.29,2473109469,10/9/2020,FALSE
458,TOZDL7IPHA,1228.16,49440942,1/14/2022,FALSE
459,H2G7B82UGW,1322.35,9245039193,2/9/2021,TRUE
462,UJT9BXPTJU,1610.47,1485793177,12/15/2020,FALSE
465,FR5FIUL06C,1013.14,1407264328,12/10/2021,FALSE
471,DZ67H7Y118,4655.92,1598318824,1/26/2021,FALSE
473,XX2RGSZJ3C,442.51,6717592832,8/24/2021,TRUE
475,7TU0S1EUNM,946.25,6367947181,12/31/2020,FALSE
477,6EULEBO59K,3490.66,3522328503,7/2/2021,FALSE
480,C819M5Z6J2,421.12,5131992119,1/23/2021,TRUE
481,RG0R454Y0A,1480.05,1433142410,11/5/2020,FALSE
484,4Z223N5H84,1580.39,1314413749,9/9/2021,TRUE
486,LW7914TGOX,166.87,8401453066,10/24/2020,TRUE
487,0MFVA8PINH,2731.63,9788835127,11/29/2020,FALSE
489,UATDV73G9Q,4475.55,2458843454,3/30/2022,FALSE
495,X1ORMZIP16,2344.04,1627918715,11/3/2021,FALSE
496,V97G0FYPUO,4208.4,5427545918,5/3/2021,TRUE
103,JWV75KQZYY,4004.81,9162531687,9/26/2021,TRUE
112,YFH5JO4OH4,2387.84,8248017680,12/11/2021,TRUE
114,R3F1PLVXHN,474.24,4051031477,2/2/2022,TRUE
119,OUDRSKUTFS,4047.88,5290631234,12/9/2020,FALSE
121,4YUE1ORSEB,1471.33,1907629117,2/9/2021,FALSE
124,15QBMSOHWC,4028.89,1133677482,10/10/2021,FALSE
125,QSKFWTOCPD,683.3,3196920432,1/17/2021,TRUE
128,8XQKXE3CYV,2603.02,8574589323,9/2/2021,TRUE
129,Z5SCD83K2Y,22.89,1292616924,8/25/2021,TRUE
131,NDKOKOVU2Z,3663.34,7809063039,4/12/2022,FALSE
141,JIYS5629G9,2143.21,4321678488,12/24/2021,TRUE
144,H8ZLL38L9R,2251.61,7614559769,11/4/2021,FALSE
145,396AH5I0DD,3775.8,1238295872,2/25/2022,FALSE
146,LTE3671QEA,1709.44,8582329761,4/10/2022,TRUE
148,MLC0P5TX6L,4823.86,5156105231,12/23/2020,FALSE
151,SWI6SVJL3C,2451.85,6764600388,11/28/2021,FALSE
157,SPBGVMJ3G1,2406.83,5140680356,12/8/2020,TRUE
161,HOCBI84BB2,3619.51,8259645407,11/6/2020,FALSE
166,3LI623GIA5,601.94,9646044143,12/5/2020,FALSE
167,1J3UHY3E52,2585.33,9375416158,12/23/2020,FALSE
168,7FZCZMLT5U,2741.61,5947751000,11/29/2021,FALSE
169,BXE4YRS15Y,4343.77,3798241670,6/11/2021,FALSE
171,7CRCWSZT3W,2954.5,3012543025,11/30/2020,TRUE
172,YM4FFY3471,149.02,3937716725,10/6/2020,FALSE
173,0K9APO1FI1,4947.6,156715003,1/8/2021,TRUE
175,2PYSEBF6M0,2749.1,6586994109,10/23/2021,FALSE
177,K5MRXTYVOL,4857.5,5935042766,12/7/2021,TRUE
181,ID4G2HFS8G,3822.67,2305707712,5/26/2021,FALSE
186,DFVL1PSUMN,4102.92,5216361921,10/22/2021,TRUE
187,VB7B5QWY1U,4520.44,3436158760,2/24/2022,FALSE
189,9XPHC4SNLJ,944.89,8206906732,12/4/2020,TRUE
198,YRT32K9L55,4177.82,7142197341,5/1/2021,FALSE
201,8PAIC2MABX,353.83,1809431241,2/20/2022,TRUE
202,SI1HJXUCZS,1308.21,4752060412,11/16/2021,FALSE
204,1ZD12I0JD0,1964.92,8412336580,9/3/2021,FALSE
205,6X6Q4VBPYJ,4834.45,8056866529,11/21/2021,FALSE
206,B8691H68AO,4026.53,6789584637,8/1/2021,TRUE
209,5R7MTHJTP8,3565.73,7754489047,9/2/2021,FALSE
211,HFKIJ9OTKM,189.6,8378230712,7/16/2021,FALSE
216,FHXYHIGE3L,34.52,266718770,7/31/2021,TRUE
219,K78U4YZP69,3470,1277224385,12/4/2020,TRUE
223,FO4K2NL6LB,2842.96,7565557560,9/8/2021,TRUE
227,I50RH9V9D0,3272.96,748812931,1/23/2022,FALSE
233,PZMZ9XMRN1,1165.68,6078962297,9/9/2021,FALSE
237,ARBFVX4MCO,389.86,5966513844,1/31/2021,TRUE
239,NLQFS9VD68,524.91,2275811410,10/11/2021,TRUE
240,WOJDMJ06B5,2655.72,3254010656,4/4/2021,TRUE
242,ND8W15YBXK,1426.8,5525110812,12/21/2021,FALSE
247,RDWHI362S0,635.06,4518416657,8/10/2021,TRUE
249,7SK4CXZZZK,4802.2,6337709604,10/19/2021,FALSE
250,AANWMPFPF6,2350.56,9019349357,2/21/2021,TRUE
256,FOJO3LAZQV,3345.93,1773741246,3/5/2021,FALSE
259,AG44F40EQZ,1851.29,3477852947,12/30/2020,FALSE
260,DQ8R8QJR06,1764.48,8284385481,1/27/2022,FALSE
273,4BG17D7L63,610.21,5460141743,1/19/2021,FALSE
276,8WG3P6ZUIL,531.81,1117032736,9/21/2020,TRUE
278,ZDONBVV3XP,3223.94,6266536683,2/27/2021,FALSE
282,0QOJQ7GE1G,4763.22,3746899675,11/9/2021,TRUE
286,2O39BOH15T,4373.11,3524307099,9/13/2020,FALSE
293,X49RYJEDPQ,512.47,1374839496,10/6/2021,FALSE
298,AFS2DZRQ0R,4433.87,1190280548,1/25/2022,TRUE
299,3Q4EZWJIRR,2491.23,6204550545,3/25/2022,FALSE
303,ND59KRCI6V,2940.48,1641107996,3/20/2022,FALSE
307,1PVGERCJTY,1117.73,862176450,2/23/2021,TRUE
311,6OM6ED7BR0,3642.65,3265733018,2/3/2021,FALSE
314,EPGDXRW699,4702.17,9783014062,4/9/2022,FALSE
319,4THJPI8NGF,2353.89,8376772526,7/7/2021,TRUE
320,1M322TMTNA,4797.14,3231730630,4/3/2021,TRUE
321,KWM42U8DM8,2131.3,8220076227,1/7/2021,FALSE
323,MRO14OTO2B,4157.82,298403355,5/15/2021,TRUE
324,VRWAJ5Z25C,2874.01,5284617133,4/20/2021,FALSE
328,JWT1E9J1LL,978.84,5611178774,4/15/2021,TRUE
333,HB4WHC89UY,1449.39,9625935001,10/26/2020,TRUE
334,MRV0HDM47C,3001.34,5402808933,10/11/2020,TRUE
335,9GFKEPRA6G,2400.43,7345932673,1/31/2021,TRUE
339,YSXZX4T27E,1525.68,2286729442,9/14/2020,FALSE
344,KJUCP3P94T,1623.79,5801799448,1/19/2021,FALSE
347,YU6AM3NF4Q,1475.72,1072804631,3/3/2022,FALSE
348,WID55DADXN,3362.38,3075772443,11/4/2021,TRUE
350,8N8OU2OC34,1017.55,5751613224,3/29/2022,TRUE
353,B24I6MTZT1,1964,7838800612,5/1/2021,TRUE
356,XB325H5BYR,230.97,7106375621,10/18/2020,TRUE
357,PKCFWT3PM0,4970.91,1600399366,8/21/2021,FALSE
361,SFTKAP7BFQ,508.66,553801688,10/12/2021,FALSE
362,JQOZ54IY16,2571.52,2521337855,4/7/2021,FALSE
363,MZCYUYXTWB,3491.42,6532406311,7/4/2021,TRUE
369,ICWNGPZBJ3,2263.75,5028046600,11/9/2020,TRUE
376,VKJ0HFXX3S,2331.4,8206310492,10/31/2020,TRUE
379,2SXUXL4X3O,2649.38,2042887814,1/18/2021,FALSE
381,YWTOS00P59,4148.87,6013290451,3/6/2022,FALSE
382,9H6HAVCKDF,1797.52,7434504044,9/19/2020,FALSE
385,YZZQYCQGIA,4680.99,6390745971,6/30/2021,TRUE
386,FDURUVGNBU,4592.94,5032522087,12/9/2020,FALSE
398,MFN04R0CKZ,95.59,7839202616,7/28/2021,TRUE
406,TPHS039T6W,2305.44,1127101245,11/24/2021,FALSE
409,NK5GC2JTNC,2668.63,3628062932,9/15/2021,FALSE
412,7VNC7Y9S8K,3396.23,3303619636,5/5/2021,FALSE
415,3AXYTLRA7Y,3266.37,2139210341,3/29/2021,FALSE
424,4CEOGNKJUB,2364.73,7167155014,2/7/2022,TRUE
443,C4ZTKZEDBH,1590.87,6060315158,12/26/2020,TRUE
447,Y1H6V91FU5,3442.94,2922377946,12/23/2021,TRUE
448,5MH5JTOCMQ,4790.41,9729106617,4/28/2021,FALSE
450,XMIHSFDF96,97.6,3765453181,1/11/2021,TRUE
452,HTYU0B8MXW,165.12,5444646529,2/22/2022,FALSE
455,D5PPQRGA8U,3950.63,1186894541,11/17/2020,TRUE
456,ISWED6DBER,641.02,7945475641,4/22/2022,TRUE
458,TCBG8CLUOK,862.17,7021385843,8/21/2021,TRUE
459,6IBTSET2RQ,1499.47,2773766401,10/5/2021,FALSE
462,XQGVHQ2OWW,1900.4,3390521883,3/21/2021,TRUE
465,0IMUTT5Q0N,1715.61,2712314741,10/15/2020,FALSE
471,TOAIKFJE0I,2099.67,8232836439,9/15/2021,FALSE
473,URKOP6JS2B,1858.77,4236906217,1/8/2021,TRUE
475,ESEACA86QN,2267.46,7983683605,12/24/2021,FALSE
477,K9M8IYZU0F,4088.88,7308370400,8/13/2021,TRUE
480,ASJF8AUE8K,2163.71,3863845027,4/18/2022,FALSE
481,PD5M1R0T1K,4609.17,3009278303,5/2/2021,FALSE
484,X36XBH2FOU,4060.11,2960127107,7/20/2021,TRUE
486,X3ZXJ4JRA9,1142.95,8656619947,10/31/2020,FALSE
487,X4RE51LCX3,1106.08,5890427132,3/12/2021,TRUE
489,T1X6BS66J9,951.94,1968531623,7/31/2021,FALSE
495,ONMB3YCPZ5,2572.34,8413900693,1/23/2022,FALSE
496,DMVJG1687H,4781.32,6953089127,3/19/2022,TRUE
103,BAOAUBBKAK,1796.52,2073403545,4/12/2021,TRUE
112,VHZG9ZN68H,3156.42,892607187,2/26/2021,TRUE
114,0JEUAR6CJL,2258.49,1380250882,9/4/2020,FALSE
119,XGCZF78BYU,2301.77,6475829548,9/12/2021,FALSE
121,QGJ5DXKKMP,1233.36,2631953949,10/31/2021,FALSE
124,7NG2MUL7DD,4903.47,9922716490,1/5/2022,TRUE
125,UZX4Y8PWSL,655.9,2701942820,11/9/2020,FALSE
128,FBA8E0KSDV,4662.88,637304208,10/22/2020,TRUE
129,Y8CF7178D3,3935.61,5627178526,5/12/2021,TRUE
131,WUS1CWZXOO,4433.25,8178518354,1/28/2022,TRUE
141,2HK34K489T,2823.44,5472710646,12/26/2020,FALSE
144,92CQLQL82X,2084.66,5004169924,7/11/2021,FALSE
145,WFZLQ1LP6H,4742.87,6881354772,10/24/2021,FALSE
146,TP15007YQS,3964.39,8297769601,6/5/2021,TRUE
148,F6IA4RR0PU,20.78,4211266737,9/1/2020,FALSE
151,WLKVRMYO8B,4010.36,4654700127,12/14/2020,FALSE
157,PWGXA3BSSH,636.56,1473377517,6/14/2021,TRUE
161,5SJOWVCOQP,3478.2,1977824411,4/4/2021,FALSE
166,TSEE5W01FX,3113.49,4648774445,4/12/2022,FALSE
167,6MGTI43Q33,4715.55,4771738860,9/15/2020,TRUE
168,5NDFUT3ES8,1239.04,7527935602,12/21/2020,TRUE
169,MUH37UTJX4,299.27,7978439930,6/29/2021,TRUE
171,V9V1X7K8KT,2218.77,1518556166,6/10/2021,FALSE
172,CVGZV65PVU,442.75,9778236353,1/27/2022,FALSE
173,PNELZ7WY0C,4380.78,7326241258,11/2/2020,TRUE
175,1P1YNMZ36Q,3589.93,8571695413,5/13/2021,FALSE
177,4W4G85GM3T,2255.85,3369889860,5/29/2021,FALSE
181,R09SYZH1O0,710.89,1643064954,5/10/2021,FALSE
186,TG6GJKHP12,4182.99,2377081564,1/17/2022,TRUE
187,OP6YEOS7Y4,2340.83,5468927407,11/3/2020,FALSE
189,20E2PFXV8W,807.95,2758409539,9/28/2020,FALSE
198,SX6299049B,2482.08,6259968678,6/22/2021,FALSE
201,5IT0930MDF,680.88,5065934750,11/17/2020,TRUE
202,ADM4MG7FKN,2357.23,9265851580,3/23/2022,FALSE
204,PUI5DPMDB5,3705.72,8362732323,7/13/2021,FALSE
205,IKGMVPLCX5,1161.31,8022921136,12/10/2020,FALSE
206,RI8C7KOJJY,4553.97,5357733883,12/22/2020,FALSE
209,E1U6NXI03E,1555.63,1604586101,2/12/2022,FALSE
211,EW136YU1FK,1986.13,3803089545,3/25/2021,TRUE
216,33EN0KG9UQ,3819.92,6500091749,1/22/2021,TRUE
219,A7TVX0N1RC,15.88,3888911419,3/18/2022,FALSE
223,ZMLDJBRWEH,1228.42,81101198,11/21/2021,FALSE
227,JCVGIS0MAZ,742.28,1818273365,10/1/2021,FALSE
233,6R2ZCEZS9I,2202.51,4383973695,2/12/2021,TRUE
237,WNDLXT0S3A,4236.57,6345044758,9/2/2021,TRUE
239,VMYIZVPOF3,371.13,122723811,10/14/2021,FALSE
240,143JXYC7YQ,1656.35,8747382023,1/7/2022,FALSE
242,EFD4GVOC5I,4221.8,9681505904,3/24/2021,FALSE
247,2M4Q6EGN7N,2399.71,3649137441,11/26/2020,TRUE
249,35OPCOYMCK,2125.83,3110699580,7/23/2021,FALSE
250,WA1CZOJ4CG,4361.84,9425009066,4/23/2021,FALSE
256,1JPVNQ6SJ5,1202.17,983615456,9/12/2020,TRUE
259,14YPULUBLJ,2448.99,4415929282,10/18/2021,FALSE
260,6RZW8YIR9S,3810.98,2512372603,10/5/2021,TRUE
273,9XL861HUJC,3609.71,8098036400,9/5/2020,FALSE
276,JBVVT95L29,3408.81,1724201490,12/29/2021,TRUE
278,U1WP7NN1O3,4600.02,2898948717,9/12/2021,FALSE
282,0FY5SQ6BUJ,1413.33,6026102024,12/24/2020,FALSE
286,GUDEQ7CQ35,1425.4,6358003081,5/10/2021,FALSE
293,VSXVVFF6XG,4902.24,1294172243,2/6/2021,FALSE
298,ICATS7NN86,874.83,3949727592,2/7/2022,TRUE
299,XJUON6KKE4,3965.38,7286165402,11/11/2021,TRUE
303,9UL8QGT0TU,742.01,2986529976,3/7/2022,TRUE
307,8CEYT65RD3,3892.96,4774760231,4/15/2021,TRUE
311,5ZU8XMCN8L,1859.9,5566143148,9/10/2021,TRUE
314,9FIZSTOUPK,286.91,2280791378,11/18/2020,TRUE
319,G04JIRD4PQ,2132.18,5726016558,5/12/2021,FALSE
320,VLZW37PW3S,2958.7,1047751562,3/14/2021,TRUE
321,GQFPJW2PRF,4003.89,5556167133,8/17/2021,TRUE
323,HKRQSWB7MQ,4288.21,5746974753,12/19/2021,TRUE
324,KQVUKTLMWP,2172.56,3517371126,6/20/2021,TRUE
328,PC788PIKIX,601.33,1731638722,3/3/2022,TRUE
333,DLSEAQAMBJ,3860.14,1154023655,8/18/2021,FALSE
334,WS6MUH2FOR,4608.3,4224195508,2/17/2021,FALSE
335,5IMPHGRXGR,190.38,1638813224,9/1/2020,FALSE
339,7I2WLWN1K4,3006.27,6844935270,3/22/2022,TRUE
344,9HLL5VP8NT,507.25,2513035638,8/24/2021,FALSE
347,8RWO939C4N,3416.69,6449600588,9/27/2020,FALSE
348,GK1DJ48U41,3596.76,522976025,3/2/2022,TRUE
350,1W9AFBN5IV,2940.74,8720135319,6/10/2021,TRUE
353,DB9P2DBYYV,217.27,341711220,5/9/2021,FALSE
356,S0AUNSFYJ7,1882.83,2634702477,9/21/2020,TRUE
357,F8Y34TXXH6,1986.8,2124359315,2/5/2021,FALSE
361,5FD547SIQQ,172.66,667632241,12/14/2021,TRUE
362,XI580WYTCB,3122.4,6918141482,8/23/2021,TRUE
363,59RPTSC2FF,1092.9,5183349616,3/27/2021,FALSE
369,G4LC10N0ZE,549.84,9058371705,5/24/2021,FALSE
376,9AV9KL164G,3619.34,9813516940,11/4/2021,FALSE
379,92EP5GOEFF,512.13,5674089249,4/20/2021,FALSE
381,HDCDMURLZ9,1691.53,2265249921,10/7/2020,TRUE
382,AU0V2HMYKS,251.13,3773038536,4/9/2022,FALSE
385,XHIVO1AEJU,2294.31,9695758897,9/9/2020,TRUE
386,3L8LCH61RI,3549.22,144361844,8/30/2021,TRUE
398,8JX7O7B8UD,4475.34,1001040263,10/15/2020,TRUE
406,41B4IO0R4C,2811.15,475197332,10/18/2021,FALSE
409,BAO2TH0LXC,4130.58,3343347938,6/29/2021,FALSE
412,EO36KYTQRP,3645.97,1391924396,10/11/2021,FALSE
415,F5DV5PHV4F,774.38,5671957118,5/7/2021,FALSE
424,QOCVC4FPYG,2327.29,9868040791,12/12/2020,FALSE
443,DR1WRDNLVP,372.06,3488409585,3/28/2021,TRUE
447,7DSHY65YEF,4440.41,8759683937,8/31/2021,TRUE
448,RT4303L7CO,3130.98,2645574509,12/30/2020,TRUE
450,60Y53BN0WI,3729.44,3294086855,4/1/2022,TRUE
452,0Q49ZOEQS0,2066.9,5103143742,3/25/2021,FALSE
455,SB4W8MOWZ5,402.36,2599367691,6/12/2021,FALSE
456,60NO3SDECF,2064.53,9053355988,5/3/2021,FALSE
458,GI1IE3T2SF,757.33,1019097468,9/21/2021,TRUE
459,H1KQH3WY90,1162.86,1224316574,4/7/2022,FALSE
462,KZS35HPEI4,4604.99,2791233554,10/14/2021,TRUE
465,WIOLWYZ7HA,2552.13,1519324702,10/16/2021,FALSE
471,FLGDPX9MTD,3029.87,9532107622,3/5/2021,FALSE
473,2W2E6CE8YL,2607.52,8161924223,2/4/2022,TRUE
475,91WR7T9T05,2627.81,2859382674,7/31/2021,TRUE
477,ECP4HYW20N,1262.08,3347229500,11/10/2021,TRUE
480,83HGJUDK6D,651.38,3021116982,9/13/2021,FALSE
481,CY8692BM84,293.57,367146321,3/15/2022,TRUE
484,8GA56W9LB0,3387.81,9482372543,10/11/2020,FALSE
486,19G7R274UW,4612.17,8527272443,9/22/2021,FALSE
487,J9S14OTY4K,4271.29,6649231779,3/4/2021,FALSE
489,5DY7T6C90B,4010.85,9905248573,12/3/2020,TRUE
495,NP2RLSHBZ3,3823.92,1582789342,12/23/2021,TRUE
496,HT5DS74VWH,419.58,2616258025,2/17/2021,TRUE
103,KEUFWTSBY8,2876.28,3680231210,8/11/2021,TRUE
112,C5EDAP0TMU,3391.7,3768843099,11/18/2021,TRUE
114,H85DUPW1A3,868.82,7624398273,4/12/2022,TRUE
119,4IBUNXFIIY,2082.27,9815052153,5/30/2021,TRUE
121,3C7TUUZKWF,1000.97,9250326512,3/29/2021,TRUE
124,4ESBRF1Y0T,2508.1,4942791012,2/20/2022,TRUE
125,N6YGZBZRCK,4736.6,7141779922,9/23/2020,FALSE
128,6KT3ULT0HN,835.25,783936224,12/7/2020,TRUE
129,24M63USHWK,2173.38,8764190911,9/4/2021,FALSE
131,1B5LG0P0D1,15.23,2972980536,5/12/2021,FALSE
141,3EG9Q0GK48,2085.28,7068718037,12/2/2020,TRUE
144,13JYQD78XV,1340.07,6710546022,4/1/2021,FALSE
145,O3MWUW6U7K,3409.86,8990296149,3/31/2022,TRUE
146,65NXYD4XDT,998.26,4861118884,9/4/2020,FALSE
148,32PD6CHK1I,1879.84,9786999965,3/14/2021,TRUE
151,LOO6F5XIYU,2186.16,6386627501,4/16/2021,FALSE
157,RI7UZAZNI1,3982.4,8262245349,2/14/2022,TRUE
161,LF4BCS8OGJ,3683.31,9308247655,1/10/2022,FALSE
166,HQLJB7KYHY,458.49,2946751406,8/25/2021,FALSE
167,LNBAGUR19E,471.91,3143806284,9/21/2021,TRUE
168,O6J59ZF8SJ,4147.63,3648581505,10/2/2021,FALSE
169,7VCDNGMWT8,1597.76,8004592891,10/6/2021,TRUE
171,R7OB1LBKX8,2795.66,5401370173,10/26/2021,FALSE
172,Y9E6QLY75T,800.07,1403579903,2/16/2021,FALSE
173,E2J7Y6FI7D,2495.34,4228975080,12/21/2020,FALSE
175,JORSI0O26Z,4021,8584430485,1/2/2021,TRUE
177,16LW200MK1,3869.89,4320681731,3/13/2021,TRUE
181,FOSH1FEMKI,4888.46,2308492894,11/4/2020,FALSE
186,8K3UUGN4PG,3303.91,2712247953,5/1/2021,FALSE
187,W3976TKWT1,4899.09,8701578196,9/1/2020,FALSE
189,HAB5FEFYZM,38.94,9303078526,2/15/2022,TRUE
198,LOGCNDW80O,415.45,8355173757,10/27/2020,TRUE
201,52G0YDZZ90,1891.85,4587466791,9/24/2020,FALSE
202,JB92XEJ5N8,3506.97,6894464081,1/11/2022,FALSE
204,T961OSIFLM,1014.76,1145913179,11/25/2021,TRUE
205,YN439TO0X3,3259.82,4893607724,10/14/2021,FALSE
206,L7SGEJGV3Q,130.56,6429936093,12/5/2021,FALSE
209,0BHT0VN7PD,3042.02,3787963755,4/4/2022,FALSE
211,C7GS2H1171,4488.49,3134788537,12/19/2020,TRUE
216,V6T17Q42B4,67.19,4626789397,2/2/2021,FALSE
219,SIIGO3BU0V,1013.84,6875477137,3/12/2022,TRUE
223,L8S7A1XH8C,4877.26,4325872430,2/13/2021,FALSE
227,FVOZL8PMOY,2521.85,6729762475,7/18/2021,FALSE
233,RMNB7MBZZA,1447.43,9591973801,4/9/2021,FALSE
237,FMX7KRIVVG,2651.34,1063784401,11/27/2020,TRUE
239,HRUFMBI5FY,4627.67,593535329,2/10/2021,TRUE
240,PZJL0OI9KP,1745.88,7410547427,12/4/2021,FALSE
242,3G6QNZA2I1,4560.49,6272388342,7/28/2021,TRUE
247,HEJXXHMUD6,2801.62,4121935959,2/1/2022,TRUE
249,LLJJNANCRG,1432.72,8296040041,5/10/2021,FALSE
250,CGLRQMM233,4722.42,2729766557,6/13/2021,FALSE
256,MHUW94IKNS,3688.74,7428474859,11/11/2020,TRUE
259,ZV5DT8CL0T,1670.1,1699865448,8/3/2021,FALSE
260,Y7J4LSE6XP,687.74,4428840193,2/13/2022,TRUE
273,0KVP5KBJA2,1950.54,5118845624,10/15/2021,FALSE
276,RDCN8D9D05,2934.92,6620847983,6/13/2021,FALSE
278,NQ4O8B2EUB,3085.38,6045233880,10/30/2021,TRUE
282,Q8JSAPX5GP,412.64,9140939060,12/24/2020,FALSE
286,H1R96M1NDI,1418.1,7901597992,7/10/2021,FALSE
293,XCNJ6CWE12,178.38,3733057003,1/9/2022,TRUE
298,7J4K5BSP8N,3506.19,7895073042,3/15/2021,FALSE
299,WPHYHJMBTD,2615.79,7549979825,12/18/2020,TRUE
303,2KYA8JVSKK,3807.81,1307186030,2/6/2021,TRUE
307,9EH3J6T29Q,3727.67,8842096094,12/5/2020,FALSE
311,PAPKZAX2NR,3593.02,7046546700,2/16/2021,FALSE
314,15R6W6W97M,4970.31,3468528161,1/21/2022,FALSE
319,A3LBOSDSCA,4721.7,8803935968,9/22/2021,TRUE
320,ID1OBLMT2I,4174.01,4954219690,2/28/2021,FALSE
321,ZMPV5ORGA2,2722.99,3135833901,11/10/2020,FALSE
323,Y57G5A9O0D,2571.85,4681507550,5/30/2021,TRUE
324,65REINZYST,363.1,9036931082,2/11/2021,FALSE
328,CTBOP1Z5GA,1700.99,4038823019,6/16/2021,FALSE
333,VFBLA58Z9B,1471.31,2579261395,12/22/2021,FALSE
334,ILZO3B2KSZ,1795.8,9664897316,11/6/2020,TRUE
335,O10ERAWCOR,4740.08,4232048586,11/29/2020,TRUE
339,R1OPXKDBPS,2917.73,8225596796,3/24/2021,TRUE
344,VGNUFUE8K0,1054.23,3679980559,2/25/2022,FALSE
347,R1S6HCFB61,688.52,6785987166,5/3/2021,FALSE
348,X60KVV7IKW,933.39,8615626728,11/8/2021,TRUE
350,LBQWWXRC1A,3033.07,2260428071,5/14/2021,FALSE
353,VCVEP1TU4E,1945.97,6885732487,12/4/2021,FALSE
356,0XSGJGX4YA,1750.96,3207668478,8/10/2021,TRUE
357,JXPDQOBQUB,4238.15,7371982629,1/4/2022,TRUE
361,QBRSTM4FZO,4052.73,3247428229,5/11/2021,TRUE
362,QDFGLG867J,3819.41,4876801718,12/29/2021,FALSE
363,ILP8JJ2BPZ,1158.94,2942741294,7/9/2021,TRUE
369,LNGIDPGM57,1802.47,1292875495,12/23/2021,FALSE
376,31GJVHTGFZ,2328.54,8543456527,8/15/2021,TRUE
379,4A9JYRLWFW,1175.17,7009948668,7/24/2021,FALSE
381,EDC5NOMQFN,1090.78,3587068681,3/25/2022,TRUE
382,156ZSIYKA9,3873.91,5350558645,5/14/2021,TRUE
385,GXF8IF5R08,4110.68,3181459838,10/1/2021,TRUE
386,VCWM7YMLIJ,2545.43,8545155169,12/1/2021,FALSE
398,5G4B7XB2VR,1693.13,4569057083,1/6/2021,TRUE
406,P833Z570TN,2545.81,8276392951,1/19/2022,FALSE
409,0BXYTWLBVD,722.11,6271266174,3/26/2021,FALSE
412,9KP3I2INSL,3268.01,1275120602,11/18/2021,TRUE
415,M1X08NTXIL,788.36,1569697428,11/12/2020,TRUE
424,4X576XOQNP,1224.62,9435222917,11/14/2020,FALSE
443,7S8ZPZNA5K,479.66,6732282074,9/29/2020,FALSE
447,B0IJBO0WAZ,2897.67,2003430717,5/21/2021,TRUE
448,20ANR1DSTI,341.44,5002235745,7/8/2021,FALSE
450,I1TZH21NQR,54.18,8616753538,4/6/2021,TRUE
452,4RKMRBAOKN,784.37,6733106440,9/12/2020,TRUE
455,CR8QZQOF4W,3294.63,2110631170,12/27/2021,FALSE
456,OMQRMXH807,1869.37,3483823444,7/16/2021,FALSE
458,3CUPR6KXP7,3235.63,2359939633,1/12/2022,TRUE
459,1BKWOSKL2Y,4467.44,6007992356,12/19/2021,TRUE
462,Y4O4262C7C,1532.83,5828274946,12/27/2020,FALSE
465,X211OAHOR5,3135.34,6509636220,9/17/2020,FALSE
471,8O8SMSBKFA,3275.79,5551163629,11/24/2020,TRUE
473,MJRRI9UBMD,1878.89,8356147336,2/11/2022,TRUE
475,MWMUTV6WTC,1879.16,1624936072,3/19/2022,TRUE
477,KJHNV6UVS3,1350.25,6085750364,8/13/2021,TRUE
480,9M0AHS8O1H,3026.62,6789603528,3/16/2021,FALSE
481,2SASFYJYB3,3290.01,1924018533,4/14/2021,FALSE
484,EZGTV1P59R,4093.74,4062096277,6/23/2021,TRUE
486,2MY37WW297,3846.02,4199479823,11/19/2020,TRUE
487,4459U95YC9,846.8,7082980129,10/9/2020,FALSE
489,R88VFX8DN3,4109.45,2376902428,1/10/2022,FALSE
495,ZVWW1VQZI7,1293.29,5988301545,6/29/2021,TRUE
496,SC925KWIE9,1619.27,4166691449,9/4/2021,FALSE
103,FJCNH0Q1RN,136.24,9240605275,12/14/2021,TRUE
112,BG0F33Q3E2,1092.85,6088780926,9/19/2021,FALSE
114,H1DY2UFHCT,3238.84,6266646612,10/13/2021,FALSE
119,Y8GUEJ02ME,2759.42,9899823888,6/24/2021,FALSE
121,A55BR3LGQ2,1205.88,6444155706,3/21/2022,TRUE
124,FGIR3NF22M,1982.68,841144239,11/18/2020,TRUE
125,XMB23V8116,4917.73,5259370762,8/6/2021,FALSE
128,4UIR4FH7ZD,1334.75,6412814691,10/11/2021,FALSE
129,5YCKNGF74S,1769.06,9335072722,6/10/2021,TRUE
131,L5FEH8R3BI,1452.26,9093735869,1/14/2022,TRUE
141,7J0RNF65QT,1653.56,421677031,1/23/2022,FALSE
144,LX97HLNKL3,643.5,3949575500,10/3/2021,TRUE
145,MB1PDKW2K9,2469.89,6233194657,12/2/2020,TRUE
146,HWSFJAUE53,35.03,5750550580,9/25/2020,FALSE
148,7CZ939VOGH,2268,7167249014,9/3/2020,TRUE
151,MRX2JZ6L1X,1146.1,4289185134,1/30/2021,TRUE
157,5WHQJY8IE3,2203.61,360338635,4/5/2022,FALSE
161,6O5GZL7JVB,4789.67,5887113995,2/5/2021,FALSE
166,97EIT4MAZI,4752.23,8997639700,9/18/2020,FALSE
167,CBTBO7DQ5J,3865.44,1662068299,11/18/2021,FALSE
168,TT02GJ7NX6,645.67,7035101894,1/28/2021,FALSE
169,H89TLHLFOR,3854.47,8758049211,11/4/2020,TRUE
171,ANOLYM839A,2765.08,3171968115,4/11/2022,TRUE
172,C8B92EQMNC,1339.23,3378262860,7/7/2021,TRUE
173,CDT4MND7KB,1853.36,6861687572,12/28/2021,FALSE
175,669RACF7GB,3539.28,9462042347,11/28/2020,TRUE
177,HC3YU6EDFK,3418.03,6967043833,8/20/2021,TRUE
181,3A0SZU9W3K,4216.84,6074286161,1/8/2022,TRUE
186,IWM5VA8VRB,2354,1404955783,9/13/2020,TRUE
187,8P2W4BE6SS,4640.43,9228268595,1/20/2021,TRUE
189,IYZLDNFKXU,1896.85,490375889,4/4/2022,FALSE
198,GHG984F1F6,4070.11,9222086933,8/8/2021,FALSE
201,KGNCW5UVV6,644.49,5005402421,10/10/2020,TRUE
202,TLAL4TG7I4,177.15,3326256564,2/27/2022,FALSE
204,CZEP3SAE09,4190.09,8222635892,8/18/2021,FALSE
205,9N8UJSWVTD,1938.73,2213644681,10/31/2020,TRUE
206,BSDDKZ61FD,4329.19,2928695346,5/25/2021,FALSE
209,WT0I9P2UAM,4535.41,2707176123,10/6/2021,FALSE
211,F3WRJFUJKT,1346.21,3601282762,12/22/2020,FALSE
216,ULVXGA7JYF,633.39,6283096597,10/5/2021,FALSE
219,KHP2CLJT11,4360,4137968256,6/14/2021,FALSE
223,O5ZCJBU79E,2817.77,4431449454,6/24/2021,FALSE
227,9LX0MFZV09,1549.29,2597247252,3/9/2021,FALSE
233,F0LX8EFCHW,1358.7,358555937,1/28/2022,FALSE
237,A3PAK89IQZ,4912.36,478065861,8/10/2021,FALSE
239,916WHCXK4F,1202.19,3902394993,12/15/2020,TRUE
240,O6FKN5AWSE,2412.68,9837058201,8/3/2021,TRUE
242,HWTF5TSGC2,3746.79,1278157498,8/9/2021,FALSE
247,VLHLYMBC0Z,588.47,413765218,7/5/2021,FALSE
249,9JYLTG9HRM,3510.08,6861444026,12/19/2021,TRUE
250,QLIZUO3I5N,2496.93,6724050117,4/10/2021,FALSE
256,2CTAJR3BQ5,4271.8,5771969936,10/19/2020,TRUE
259,RB7U7JE3AT,989.34,3637655101,6/6/2021,FALSE
260,YX5M5BFPFJ,1894.46,5269122440,12/22/2021,TRUE
273,2UEKY745ZD,4490.18,7749821171,8/10/2021,TRUE
276,QV2ZDP0SM1,2325.82,4270000649,2/15/2022,TRUE
278,F5JJ3PRQMF,876.36,9168932799,1/22/2021,TRUE
282,QTIS50W3IU,849.2,8235335101,9/2/2021,TRUE
286,CZS8F21K0U,1841.32,7148162568,12/28/2021,TRUE
293,AR0FRTAW9I,2295.13,3708523781,4/13/2021,TRUE
298,CR09MRDII3,363.61,9724040932,1/2/2021,FALSE
299,S9AZNX44XQ,1349.42,1120763488,2/18/2022,FALSE
303,0MNNFCUQLB,423.88,81940247,12/1/2020,FALSE
307,E1J873XJSU,2730.34,9767523913,9/2/2021,TRUE
311,YURU2HBBM7,3414.06,4237980384,10/27/2021,TRUE
314,SLU5V9KTQA,1892.64,6254137812,9/9/2021,TRUE
319,TLBPZWCHWX,118.37,5117993286,8/30/2021,FALSE
320,LWZ4U0JSFX,3252.12,8926987440,9/22/2021,FALSE
321,WTKPYILR3R,1979.76,6839121567,3/23/2022,TRUE
323,69RB53M6E2,4549.37,26609437,9/5/2021,TRUE
324,RJFZE5FOBY,98.29,667454003,1/14/2021,FALSE
328,DU30NETVH2,1456.6,6096836746,3/7/2022,FALSE
333,4QAYR9P401,582.02,7881026611,3/21/2022,FALSE
334,4TBR40ZUL7,2591.87,9700852075,10/17/2021,TRUE
335,BPHP6XIQRD,2932.51,9892886255,2/5/2021,TRUE
339,KSXABZFTDC,2367.38,1398066265,4/8/2021,FALSE
344,IZXP757PVA,3401.45,229005619,1/5/2021,TRUE
347,KZJ57TRW6L,2142.69,2649050586,8/16/2021,TRUE
348,71URDB0K95,3040.28,3413048522,12/22/2020,TRUE
350,FXT0XSJ3CX,3561.05,9853732547,7/2/2021,TRUE
353,YFM6EXT8YC,144.36,3902893616,10/21/2021,TRUE
356,49OUW97TDH,82.27,8717994379,10/23/2020,TRUE
357,VELJSJ9QT2,2897.47,9288040903,10/22/2020,TRUE
361,00N85F0YPZ,3036.49,6835024546,2/7/2022,TRUE
362,XSMRQNUIW0,4661.96,8939118700,7/29/2021,FALSE
363,MVA4H8RZ9P,4813.53,6600051066,11/10/2021,TRUE
369,09IL9ZPLTG,4840.73,8899895375,11/24/2020,FALSE
376,2HR8YP90MY,1353.75,2899731926,10/7/2021,TRUE
379,6C5RYRZ5DM,2581.64,6933764339,9/17/2020,FALSE
381,7L5S6BMH03,4038.05,3899888741,2/27/2021,TRUE
382,0101FILA1J,3763.47,9053072321,3/17/2021,TRUE
385,2GD45TMQUK,2437.04,8115885676,10/5/2021,TRUE
386,Z7WCICYT9L,1440.56,774475152,1/1/2021,FALSE
398,WL368UFWQJ,3153.7,5527376949,4/21/2021,FALSE
406,D0CRIL1X3E,3879.31,9808415292,11/14/2021,FALSE
409,T3G6W3JIZM,4119.42,3863161249,3/9/2021,FALSE
412,19FSJPQVIG,4239.1,4393065784,9/5/2020,TRUE
415,A8EPXUFHJX,2353.45,2881908919,7/30/2021,TRUE
424,FZX3FS6WWZ,2294.14,7069781825,3/3/2021,TRUE
443,JSR3AUYBE0,1644.41,6647097007,1/10/2022,TRUE
447,K4X0CGFGQB,3966.55,372493813,1/31/2022,FALSE
448,USBAHJZEEE,4885.12,6884517261,9/5/2021,TRUE
450,VBI4FIFF5R,670.57,2521791749,4/22/2022,TRUE
452,6K7KP91K05,3614.42,4989599850,5/30/2021,TRUE
455,49UXA7N05V,3552.35,4332953327,2/5/2022,FALSE
456,KBJB1FEZ4A,2345.85,6749566661,1/11/2022,TRUE
458,4A7ECUKKV9,4750.88,3418105326,1/5/2021,FALSE
459,2ZHTWWIEKC,940.78,855664710,2/1/2021,FALSE
462,1VVIY3C0FC,274.12,9626645061,3/30/2021,TRUE
465,Z0MRHS1QNR,3762.13,5497975151,12/22/2020,TRUE
471,1D0G70AA9J,1705.37,4281736535,11/23/2020,FALSE
473,XTH76PJ40X,2992.53,4033377483,5/5/2021,TRUE
475,VYTHWESKGL,2710.31,4917935212,7/10/2021,FALSE
477,B2JTC0S9HF,4417.48,2424633960,10/30/2020,FALSE
480,5VFQT8M69A,766.27,7393912574,4/26/2021,FALSE
481,9BC6WY11UL,4082.36,4707884067,10/21/2020,FALSE
484,Z7SUOAZP2L,4584.02,2319397140,11/10/2020,FALSE
486,HU05F1TXRO,2960.54,4941247243,1/25/2021,FALSE
487,X01RKG7RX3,4249.17,8958433745,12/13/2020,TRUE
489,VCLB5D38FG,407.7,4183143141,3/31/2022,FALSE
495,WXGVL4U3EE,986.87,1364892091,4/20/2022,FALSE
496,GUZB1V6A7B,271.11,274008435,2/23/2022,TRUE
103,RQJJ786Y93,1283.99,7663067460,8/23/2021,FALSE
112,R7DZABEREQ,3279.6,9708455695,1/10/2022,TRUE
114,H2BCOMTH1Y,3999.69,2687813406,7/26/2021,FALSE
119,M2GZCHTIYK,2142.99,36334731,10/30/2021,FALSE
121,5SNAS10WDI,3640.34,3459025929,9/8/2020,TRUE
124,TK5FG3DMGV,1508.66,156975676,4/2/2022,FALSE
125,AG8WO3JC06,2885.88,7889625360,6/12/2021,TRUE
128,OX82RJE3YW,3662.37,456168944,1/20/2021,FALSE
129,VNPXZADZEB,736.49,2843302709,11/11/2020,FALSE
131,JPL0WN31OE,3449.66,8419592871,8/8/2021,FALSE
141,3JFE69QQJM,2036.55,9344651931,11/22/2021,FALSE
144,CM7OPPX4WH,86.65,1656329425,4/12/2022,TRUE
145,805NT5BEG9,4277.95,3103426489,8/13/2021,TRUE
146,XWRE2AABJO,1126.95,3130513553,2/6/2022,FALSE
148,AKK25VZCVW,3292.99,387108509,4/18/2021,TRUE
151,O67PZ6ZGND,1684.34,1522966877,11/4/2021,TRUE
157,YPIE465FJ6,1657.13,3711459729,5/8/2021,TRUE
161,6TPG1887PO,2759.99,2057381189,6/30/2021,FALSE
166,8H40Q5XDOK,1529.8,9412031045,12/29/2021,FALSE
167,CLCUAN8X9Z,4429.25,7849488651,11/20/2020,FALSE
168,OCPHT19WY7,2367.86,9640797139,9/23/2020,TRUE
169,IYSDE1UH60,1367.82,3296357379,2/7/2021,TRUE
171,HYS2C4TMDT,4316.09,6433289086,4/14/2021,FALSE
172,EN8JXTRQBB,3907.8,60701866,10/15/2020,TRUE
